Workbook

Sheet 표지
A1: [부산장안] 단열재 자재 청구서
A4: 결 재 | B4: 작 성 | C4: 검 토 | E4: 승 인 | H4: 결 재 | I4: 접 수 | J4: 검 토 | L4: 승 인
A12: 2026년 03월 일
G15: 발 송 일 자 | J15: 2026년 03월 일
G16: 계 약 기 한 | J16: 2026년 03월 일
G17: 공사투입예정일 | J17: 2026년 03월 일
A20: 부산장안

Sheet 자재청구서
A1: 청구번호 | G1: [부산장안] 단열재 자재 청구서 | P1: 결 재 | Q1: 담당 | S1: 검 토 | V1: 승인
A3: 결 재 | B3: 작성 | D3: 검토 | E3: 승인
A8: 공종코드 | C8: 품 명 | F8: 규 격 | H8: 단위 | I8: 실 행 예 산 | L8: 청 구 량 | P8: 차 감 | R8: 납기일 | T8: 용 도 | W8: 승인
I9: 수 량 | J9: 단 가 | K9: 금 액 | L9: 기청구량 | M9: 금 회 | N9: 누 계 | W9: 번호
C10: ='발주수량 검토'!H6 -> 04.조적공사
C11: ='발주수량 검토'!B8 -> 단열재 | F11: ='발주수량 검토'!C8 -> T150 비드법보온판 2종2호 | H11: ='발주수량 검토'!D8 -> M2 | I11: ='발주수량 검토'!G8 -> 85 | K11: =I11*J11 -> 0 | L11: 0 | M11: =N11-L11 -> 0 | N11: 0 | P11: =N11-I11 -> -85
C12: ='발주수량 검토'!H8 -> 단열재 | F12: ='발주수량 검토'!I8 -> T55 비드법보온판 2종2호 | H12: ='발주수량 검토'!J8 -> M2 | I12: 0 | K12: =I12*J12 -> 0 | L12: =I12 -> 0 | M12: =N12-L12 -> 85 | N12: ='발주수량 검토'!M9 -> 85 | P12: =N12-I12 -> 85
C13: ='발주수량 검토'!H9 -> 단열재 | F13: ='발주수량 검토'!I9 -> T95 비드법보온판 2종2호 | H13: ='발주수량 검토'!J9 -> M2 | I13: 0 | K13: =I13*J13 -> 0 | L13: =I13 -> 0 | M13: =N13-L13 -> 85 | N13: ='발주수량 검토'!M9 -> 85 | P13: =N13-I13 -> 85
C14: ='발주수량 검토'!B10 -> 단열재 | F14: ='발주수량 검토'!C10 -> T110 압출법 1호 | H14: ='발주수량 검토'!D10 -> M2 | I14: ='발주수량 검토'!G10 -> 228 | K14: =I14*J14 -> 0 | L14: 0 | M14: =N14-L14 -> 0 | N14: 0 | P14: =N14-I14 -> -228
C15: ='발주수량 검토'!H10 -> 단열재 | F15: ='발주수량 검토'!I10 -> T55 압출법 1호 | H15: ='발주수량 검토'!J10 -> M2 | I15: 0 | K15: =I15*J15 -> 0 | L15: 0 | M15: =N15-L15 -> 228 | N15: ='발주수량 검토'!M10 -> 228 | P15: =N15-I15 -> 228
C16: ='발주수량 검토'!H11 -> 단열재 | F16: ='발주수량 검토'!I11 -> T55 압출법 1호 | H16: ='발주수량 검토'!J11 -> M2 | I16: 0 | K16: =I16*J16 -> 0 | L16: =I16 -> 0 | M16: =N16-L16 -> 228 | N16: ='발주수량 검토'!M11 -> 228 | P16: =N16-I16 -> 228
C17: ='발주수량 검토'!B12 -> 단열재 | F17: ='발주수량 검토'!C12 -> T150 압출법 1호 | H17: ='발주수량 검토'!D12 -> M2 | I17: ='발주수량 검토'!G12 -> 605 | K17: =I17*J17 -> 0 | L17: 0 | M17: =N17-L17 -> 0 | N17: ='발주수량 검토'!M14 -> 0 | P17: =N17-I17 -> -605
C18: ='발주수량 검토'!H12 -> 단열재 | F18: ='발주수량 검토'!I12 -> T55 압출법 1호 | H18: ='발주수량 검토'!J12 -> M2 | I18: 0 | K18: =I18*J18 -> 0 | L18: 0 | M18: =N18-L18 -> 605 | N18: ='발주수량 검토'!M12 -> 605 | P18: =N18-I18 -> 605
C19: ='발주수량 검토'!H13 -> 단열재 | F19: ='발주수량 검토'!I13 -> T95 압출법 1호 | H19: ='발주수량 검토'!J13 -> M2 | I19: 0 | K19: =I19*J19 -> 0 | L19: =I19 -> 0 | M19: =N19-L19 -> 605 | N19: ='발주수량 검토'!M13 -> 605 | P19: =N19-I19 -> 605
C20: ='발주수량 검토'!H14 -> 06.미장공사
C21: ='발주수량 검토'!H16 -> 단열재 | F21: ='발주수량 검토'!I16 -> T: 60, PF보드 | H21: ='발주수량 검토'!D16 -> M2 | I21: ='발주수량 검토'!G16 -> 1733 | K21: =I21*J21 -> 0 | L21: 0 | M21: =N21-L21 -> 1733 | N21: ='발주수량 검토'!M16 -> 1733 | P21: =N21-I21 -> 0
C22: ='발주수량 검토'!H17 -> 단열재 | F22: ='발주수량 검토'!I17 -> T: 90, PF보드 | H22: ='발주수량 검토'!D17 -> M2 | I22: ='발주수량 검토'!G17 -> 356 | K22: =I22*J22 -> 0 | L22: 0 | M22: =N22-L22 -> 356 | N22: ='발주수량 검토'!M17 -> 356 | P22: =N22-I22 -> 0
C23: ='발주수량 검토'!H18 -> 단열재 | F23: ='발주수량 검토'!I18 -> T:110, PF보드 | H23: ='발주수량 검토'!D18 -> M2 | I23: ='발주수량 검토'!G18 -> 356 | K23: =I23*J23 -> 0 | L23: 0 | M23: =N23-L23 -> 356 | N23: ='발주수량 검토'!M18 -> 356 | P23: =N23-I23 -> 0
C24: ='발주수량 검토'!H19 -> 09.내장목공사
C25: ='발주수량 검토'!B21 -> 단열재 | F25: ='발주수량 검토'!C21 -> T:110 비드법보온판 2종2호 | H25: ='발주수량 검토'!D21 -> M2 | I25: ='발주수량 검토'!G21 -> 12885 | K25: =I25*J25 -> 0 | L25: 0 | M25: =N25-L25 -> 0 | N25: 0 | P25: =N25-I25 -> -12885
C26: ='발주수량 검토'!H21 -> 단열재 | F26: ='발주수량 검토'!I21 -> T:55 비드법보온판 2종2호 | H26: ='발주수량 검토'!D23 -> M2 | I26: 0 | K26: =I26*J26 -> 0 | L26: =I26 -> 0 | M26: =N26-L26 -> 12885 | N26: ='발주수량 검토'!M21 -> 12885 | P26: =N26-I26 -> 12885
C27: ='발주수량 검토'!H22 -> 단열재 | F27: ='발주수량 검토'!I22 -> T:55 비드법보온판 2종2호 | H27: ='발주수량 검토'!D23 -> M2 | I27: 0 | K27: =I27*J27 -> 0 | L27: =I27 -> 0 | M27: =N27-L27 -> 12885 | N27: ='발주수량 검토'!M22 -> 12885 | P27: =N27-I27 -> 12885
C28: ='발주수량 검토'!B23 -> 단열재 | F28: ='발주수량 검토'!C23 -> T:150 비드법보온판 2종2호 | H28: ='발주수량 검토'!D23 -> M2 | I28: ='발주수량 검토'!G23 -> 25617 | K28: =I28*J28 -> 0 | L28: 0 | M28: =N28-L28 -> 0 | N28: 0 | P28: =N28-I28 -> -25617
C29: ='발주수량 검토'!H23 -> 단열재 | F29: ='발주수량 검토'!I23 -> T:55 비드법보온판 2종2호 | H29: ='발주수량 검토'!J23 -> M2 | I29: 0 | K29: =I29*J29 -> 0 | L29: =I29 -> 0 | M29: =N29-L29 -> 25617 | N29: ='발주수량 검토'!M23 -> 25617 | P29: =N29-I29 -> 25617
C30: ='발주수량 검토'!H24 -> 단열재 | F30: ='발주수량 검토'!I24 -> T:95 비드법보온판 2종2호 | H30: ='발주수량 검토'!J24 -> M2 | I30: 0 | L30: 0 | M30: =N30-L30 -> 25617 | N30: ='발주수량 검토'!M24 -> 25617 | P30: =N30-I30 -> 25617
A31: WF-0603-1C-1/2 | T31: A4(297×210)

Sheet 발주수량 검토
B1: 발주수량 검토
B2: [부산장안]
B3: 품 명 | C3: 규 격 | D3: 단 위 | E3: 가실행 수량 (건축예산팀) | H3: 품 명 | I3: 규 격 | J3: 단 위 | K3: 발주수량 | N3: 증감 | P3: 사유
E5: 기본 | F5: 확장 | G5: 합계 | K5: 기본 | L5: 확장 | M5: 합계 | N5: 수량 | O5: 비율
B6: ='2-2.건축(기)(발주용)'!A243 -> 04.조적공사 | H6: =B6 -> 04.조적공사
B7: ='2-2.건축(기)(발주용)'!A268 -> [지급자재] | H7: =B7 -> [지급자재]
B8: ='2-2.건축(기)(발주용)'!A269 -> 단열재 | C8: ='2-2.건축(기)(발주용)'!B269 -> T150 비드법보온판 2종2호 | D8: ='2-2.건축(기)(발주용)'!C269 -> M2 | E8: ='2-2.건축(기)(발주용)'!D269 -> 85 | F8: 0 | G8: =E8+F8 -> 85 | H8: =B8 -> 단열재 | I8: T55 비드법보온판 2종2호 | J8: =D8 -> M2 | K8: =E8 -> 85 | L8: =F8 -> 0 | M8: =K8+L8 -> 85 | N8: =M8-G8 -> 0 | O8: =IFERROR(N8/M8,0) -> 0 | P8: 겹침이음 시공 규격 세분화 | R8: 102, 103동 공용부
H9: 단열재 | I9: T95 비드법보온판 2종2호 | J9: M2 | K9: 85 | L9: 0 | M9: =K9+L9 -> 85 | N9: =M9-G9 -> 85 | O9: =IFERROR(N9/M9,0) -> 1 | P9: 겹침이음 시공 규격 세분화 | R9: 102, 103동 공용부
B10: ='2-2.건축(기)(발주용)'!A270 -> 단열재 | C10: ='2-2.건축(기)(발주용)'!B270 -> T110 압출법 1호 | D10: ='2-2.건축(기)(발주용)'!C270 -> M2 | E10: ='2-2.건축(기)(발주용)'!D270 -> 228 | F10: 0 | G10: =E10+F10 -> 228 | H10: =B10 -> 단열재 | I10: T55 압출법 1호 | J10: =D10 -> M2 | K10: =E10 -> 228 | L10: =F10 -> 0 | M10: =K10+L10 -> 228 | N10: =M10-G10 -> 0 | O10: =IFERROR(N10/M10,0) -> 0 | P10: 겹침이음 시공 규격 세분화 | R10: 관리사무소, 작은도서관, 주민카페
H11: 단열재 | I11: T55 압출법 1호 | J11: M2 | K11: 228 | L11: 0 | M11: =K11+L11 -> 228 | N11: =M11-G11 -> 228 | O11: =IFERROR(N11/M11,0) -> 1 | P11: 겹침이음 시공 규격 세분화 | R11: 관리사무소, 작은도서관, 주민카페
B12: ='2-2.건축(기)(발주용)'!A271 -> 단열재 | C12: ='2-2.건축(기)(발주용)'!B271 -> T150 압출법 1호 | D12: ='2-2.건축(기)(발주용)'!C271 -> M2 | E12: ='2-2.건축(기)(발주용)'!D271 -> 605 | F12: 0 | G12: =E12+F12 -> 605 | H12: =B12 -> 단열재 | I12: T55 압출법 1호 | J12: =D12 -> M2 | K12: =E12 -> 605 | L12: =F12 -> 0 | M12: =K12+L12 -> 605 | N12: =M12-G12 -> 0 | O12: =IFERROR(N12/M12,0) -> 0 | P12: 겹침이음 시공 규격 세분화 | R12: 주민공동시설, 관리사무소, 경로당, 어린이집, 작은도서관, 주민카페, 용역원 휴게실, 근린생활시설
H13: 단열재 | I13: T95 압출법 1호 | J13: M2 | K13: 605 | L13: 0 | M13: =K13+L13 -> 605 | N13: =M13-G13 -> 605 | O13: =IFERROR(N13/M13,0) -> 1 | P13: 겹침이음 시공 규격 세분화 | R13: 주민공동시설, 관리사무소, 경로당, 어린이집, 작은도서관, 주민카페, 용역원 휴게실, 근린생활시설
B14: ='2-2.건축(기)(발주용)'!A345 -> 06.미장공사 | H14: =B14 -> 06.미장공사
B15: ='2-2.건축(기)(발주용)'!A371 -> [지급자재] | H15: =B15 -> [지급자재]
B16: ='2-2.건축(기)(발주용)'!A374 -> 단열재 | C16: ='2-2.건축(기)(발주용)'!B374 -> T: 60, PF보드 | D16: ='2-2.건축(기)(발주용)'!C374 -> M2 | E16: ='2-2.건축(기)(발주용)'!D374 -> 1278 | F16: ='11-3.건축(확+옵)(발주용)'!D327 -> 455 | G16: =E16+F16 -> 1733 | H16: =B16 -> 단열재 | I16: =C16 -> T: 60, PF보드 | J16: =D16 -> M2 | K16: =E16 -> 1278 | L16: =F16 -> 455 | M16: =K16+L16 -> 1733 | N16: =M16-G16 -> 0 | O16: =IFERROR(N16/M16,0) -> 0 | R16: 세대
B17: ='2-2.건축(기)(발주용)'!A375 -> 단열재 | C17: ='2-2.건축(기)(발주용)'!B375 -> T: 90, PF보드 | D17: ='2-2.건축(기)(발주용)'!C375 -> M2 | E17: ='2-2.건축(기)(발주용)'!D375 -> 356 | F17: 0 | G17: =E17+F17 -> 356 | H17: =B17 -> 단열재 | I17: =C17 -> T: 90, PF보드 | J17: =D17 -> M2 | K17: =E17 -> 356 | L17: =F17 -> 0 | M17: =K17+L17 -> 356 | N17: =M17-G17 -> 0 | O17: =IFERROR(N17/M17,0) -> 0 | R17: 부속동(경로당, 어린이집, 용역원휴게실, 근린생활시설)
B18: ='2-2.건축(기)(발주용)'!A376 -> 단열재 | C18: ='2-2.건축(기)(발주용)'!B376 -> T:110, PF보드 | D18: ='2-2.건축(기)(발주용)'!C376 -> M2 | E18: ='2-2.건축(기)(발주용)'!D376 -> 356 | F18: 0 | G18: =E18+F18 -> 356 | H18: =B18 -> 단열재 | I18: =C18 -> T:110, PF보드 | J18: =D18 -> M2 | K18: =E18 -> 356 | L18: =F18 -> 0 | M18: =K18+L18 -> 356 | N18: =M18-G18 -> 0 | O18: =IFERROR(N18/M18,0) -> 0 | R18: 부속동(경로당, 어린이집, 용역원휴게실)
B19: ='2-2.건축(기)(발주용)'!A481 -> 09.내장목공사 | H19: =B19 -> 09.내장목공사
B20: ='2-2.건축(기)(발주용)'!A562 -> [지급자재] | H20: =B20 -> [지급자재]
B21: ='2-2.건축(기)(발주용)'!A563 -> 단열재 | C21: ='2-2.건축(기)(발주용)'!B563 -> T:110 비드법보온판 2종2호 | D21: ='2-2.건축(기)(발주용)'!C563 -> M2 | E21: ='2-2.건축(기)(발주용)'!D563 -> 5695 | F21: ='11-3.건축(확+옵)(발주용)'!D466 -> 7190 | G21: =E21+F21 -> 12885 | H21: =B21 -> 단열재 | I21: T:55 비드법보온판 2종2호 | J21: =D21 -> M2 | K21: =E21 -> 5695 | L21: =F21 -> 7190 | M21: =K21+L21 -> 12885 | N21: =M21-G21 -> 0 | O21: =IFERROR(N21/M21,0) -> 0 | P21: 겹침이음 시공 규격 세분화
H22: 단열재 | I22: T:55 비드법보온판 2종2호 | J22: M2 | K22: =E21 -> 5695 | L22: =F21 -> 7190 | M22: =K22+L22 -> 12885 | N22: =M22-G22 -> 12885 | O22: =IFERROR(N22/M22,0) -> 1 | P22: 겹침이음 시공 규격 세분화
B23: ='2-2.건축(기)(발주용)'!A564 -> 단열재 | C23: ='2-2.건축(기)(발주용)'!B564 -> T:150 비드법보온판 2종2호 | D23: ='2-2.건축(기)(발주용)'!C564 -> M2 | E23: ='2-2.건축(기)(발주용)'!D564 -> 25617 | F23: 0 | G23: =E23+F23 -> 25617 | H23: =B23 -> 단열재 | I23: T:55 비드법보온판 2종2호 | J23: =D23 -> M2 | K23: =E23 -> 25617 | L23: =F23 -> 0 | M23: =K23+L23 -> 25617 | N23: =M23-G23 -> 0 | O23: =IFERROR(N23/M23,0) -> 0 | P23: 겹침이음 시공 규격 세분화
H24: 단열재 | I24: T:95 비드법보온판 2종2호 | J24: M2 | K24: =E23 -> 25617 | L24: =F23 -> 0 | M24: =K24+L24 -> 25617 | N24: =M24-G24 -> 25617 | O24: =IFERROR(N24/M24,0) -> 1 | P24: 겹침이음 시공 규격 세분화
