Workbook

Sheet 갑지
A1: 건설용 리프트 임대·설치·해체 공사 발주의뢰서
A2: ·
A4: 결 재 | B4: 작 성 | C4: 검 토 | E4: 승 인 | H4: 결 재 | I4: 접 수 | J4: 검 토 | L4: 승 인
A12: 2025년 11월 일
G15: 발 송 일 자 | H15: 년 월 일
G16: 계 약 기 한 | H16: 년 월 일
G17: 공사투입예정일 | H17: 년 월 일
A21: 부산장안
N25: 결 재 | O25: 접 수 | P25: 검 토 | R25: 승 인 | T25: 결 재 | U25: 작 성 | V25: 검 토 | X25: 승 인

Sheet 내역서
A1: [부산장안] 건설용 리프트 임대, 설치, 해체 내역서
A2: [ 공 종 명 ] 건설용 리프트 임대 설치, 해체
A3: 명 칭 | B3: 규 격 | C3: 단 위 | D3: 수 량 | E3: 재료비 | G3: 노무비 | I3: 경 비 | K3: 합 계 | M3: 비 고 | N3: 현설포함내용
E4: 단 가 | F4: 금 액 | G4: 단 가 | H4: 금 액 | I4: 단 가 | J4: 금 액 | K4: 단 가 | L4: 금 액
A5: ■ 부산장안
A6: 건설용 리프트 임대,설치,해체공사
A7: 중속싱글<임대료> | K7: =E7+G7+I7 -> 0 | L7: =K7*D7 -> 0 | N7: 인버터방식, 케이지 부착형 내민발판
A8: 건설용 리프트 임대료(중속) | B8: 70m/min 이상 | C8: 월 | D8: ='(건설용리프트)임대기간산출'!M20 -> 98 | F8: =TRUNC($D8*E8) -> 0 | H8: =TRUNC($D8*G8) -> 0 | J8: =TRUNC($D8*I8) -> 0 | K8: =E8+G8+I8 -> 0 | L8: =K8*D8 -> 0
A9: 무인운행장치 임대료 | B9: 세대호출기 포함 | C9: 월 | D9: ='(건설용리프트)임대기간산출'!I34 -> 98 | F9: =TRUNC($D9*E9) -> 0 | H9: =TRUNC($D9*G9) -> 0 | J9: =TRUNC($D9*I9) -> 0 | K9: =E9+G9+I9 -> 0 | L9: =K9*D9 -> 0
A10: 안전문 임대료 | B10: 안전난간포함 | C10: 개 | D10: ='(건설용리프트)임대기간산출'!J34 -> 190 | F10: =TRUNC($D10*E10) -> 0 | H10: =TRUNC($D10*G10) -> 0 | J10: =TRUNC($D10*I10) -> 0 | K10: =E10+G10+I10 -> 0 | L10: =K10*D10 -> 0
A11: 세대출입용 경사로발판 | B11: 분합문 보호덮개 포함(2회 설치) | C11: 개 | D11: ='(건설용리프트)임대기간산출'!K34 -> 190 | F11: =TRUNC($D11*E11) -> 0 | H11: =TRUNC($D11*G11) -> 0 | J11: =TRUNC($D11*I11) -> 0 | K11: =E11+G11+I11 -> 0 | L11: =K11*D11 -> 0
A12: 층표시판 | B12: 양면형 | C12: 개 | D12: ='(건설용리프트)임대기간산출'!L34 -> 190 | F12: =TRUNC($D12*E12) -> 0 | H12: =TRUNC($D12*G12) -> 0 | J12: =TRUNC($D12*I12) -> 0 | K12: =E12+G12+I12 -> 0 | L12: =K12*D12 -> 0
A13: 자동개폐장치 | B13: 비접촉형(기계식 일체형) | C13: 개 | D13: =D12 -> 190 | F13: =TRUNC($D13*E13) -> 0 | H13: =TRUNC($D13*G13) -> 0 | J13: =TRUNC($D13*I13) -> 0 | K13: =E13+G13+I13 -> 0 | L13: =K13*D13 -> 0
A14: 건설용 리프트 방호선반 | C14: SET | D14: ='(건설용리프트)임대기간산출'!P34 -> 8 | F14: =TRUNC($D14*E14) -> 0 | H14: =TRUNC($D14*G14) -> 0 | J14: =TRUNC($D14*I14) -> 0 | K14: =E14+G14+I14 -> 0 | L14: =K14*D14 -> 0
A15: 중속싱글<공사비> | K15: =E15+G15+I15 -> 0 | L15: =K15*D15 -> 0
A16: 설치비(중속) | C16: M | D16: ='(건설용리프트)임대기간산출'!M34 -> 615 | F16: =TRUNC($D16*E16) -> 0 | H16: =TRUNC($D16*G16) -> 0 | J16: =TRUNC($D16*I16) -> 0 | K16: =E16+G16+I16 -> 0 | L16: =K16*D16 -> 0
A17: 해체비(중속) | C17: M | D17: ='(건설용리프트)임대기간산출'!M34 -> 615 | F17: =TRUNC($D17*E17) -> 0 | H17: =TRUNC($D17*G17) -> 0 | J17: =TRUNC($D17*I17) -> 0 | K17: =E17+G17+I17 -> 0 | L17: =K17*D17 -> 0
A18: 운반비 | B18: 소운반포함 | C18: 대 | D18: ='(건설용리프트)임대기간산출'!N34 -> 8 | F18: =TRUNC($D18*E18) -> 0 | H18: =TRUNC($D18*G18) -> 0 | J18: =TRUNC($D18*I18) -> 0 | K18: =E18+G18+I18 -> 0 | L18: =K18*D18 -> 0
A19: 무인운행 설,해체비 | B19: 세대호출기 포함 | C19: 대 | D19: ='(건설용리프트)임대기간산출'!O34 -> 8 | F19: =TRUNC($D19*E19) -> 0 | H19: =TRUNC($D19*G19) -> 0 | J19: =TRUNC($D19*I19) -> 0 | K19: =E19+G19+I19 -> 0 | L19: =K19*D19 -> 0
A20: 장비비 | B20: 지게차 | C20: 대 | D20: ='(건설용리프트)임대기간산출'!P34 -> 8 | F20: =TRUNC($D20*E20) -> 0 | H20: =TRUNC($D20*G20) -> 0 | J20: =TRUNC($D20*I20) -> 0 | K20: =E20+G20+I20 -> 0 | L20: =K20*D20 -> 0
A21: 비상통화장치 | C21: 대 | D21: =D20 -> 8 | F21: =TRUNC($D21*E21) -> 0 | H21: =TRUNC($D21*G21) -> 0 | J21: =TRUNC($D21*I21) -> 0 | K21: =E21+G21+I21 -> 0 | L21: =K21*D21 -> 0
A22: 소 계 | F22: =SUM(F6:F21) -> 0 | H22: =SUM(H6:H21) -> 0 | J22: =SUM(J6:J21) -> 0 | L22: =SUM(L6:L21) -> 0
A23: 합 계 | F23: =F22 -> 0 | H23: =H22 -> 0 | J23: =J22 -> 0 | L23: =L22 -> 0

Sheet 임대기간
A1: 건설용 리프트 임대기간
A2: =건설용리프트설치위치도!A2 -> ■ 현장명 : 부산장안
A3: 동 | B3: 호수 | C3: 층수 | D3: 2025년 | G3: 2026년 | S3: 2027년 | Y3: 계 | Z3: 비고
D4: 10 | E4: 11 | F4: 12 | G4: 1 | H4: 2 | I4: 3 | J4: 4 | K4: 5 | L4: 6 | M4: 7 | N4: 8 | O4: 9 | P4: 10 | Q4: 11 | R4: 12 | S4: 1 | T4: 2 | U4: 3 | V4: 4 | W4: 5 | X4: 6
A5: 101동 | B5: ='(건설용리프트)임대기간산출'!B11 -> 1~3호 | C5: ='(건설용리프트)임대기간산출'!C11 -> 24 | I5: 1 | J5: 1 | K5: 1 | L5: 1 | M5: 1 | N5: 1 | O5: 1 | P5: 1 | Q5: 1 | R5: 1 | S5: 1 | T5: 1 | Y5: =SUM(D5:X5) -> 12
B6: ='(건설용리프트)임대기간산출'!B12 -> 4~5호 | C6: ='(건설용리프트)임대기간산출'!C12 -> 24 | I6: 1 | J6: 1 | K6: 1 | L6: 1 | M6: 1 | N6: 1 | O6: 1 | P6: 1 | Q6: 1 | R6: 1 | S6: 1 | T6: 1 | Y6: =SUM(D6:X6) -> 12
A7: 102동 | B7: ='(건설용리프트)임대기간산출'!B13 -> 1~3호 | C7: ='(건설용리프트)임대기간산출'!C13 -> 24 | I7: 1 | J7: 1 | K7: 1 | L7: 1 | M7: 1 | N7: 1 | O7: 1 | P7: 1 | Q7: 1 | R7: 1 | S7: 1 | T7: 1 | Y7: =SUM(D7:X7) -> 12
B8: ='(건설용리프트)임대기간산출'!B14 -> 4~5호 | C8: ='(건설용리프트)임대기간산출'!C14 -> 22 | I8: 1 | J8: 1 | K8: 1 | L8: 1 | M8: 1 | N8: 1 | O8: 1 | P8: 1 | Q8: 1 | R8: 1 | S8: 1 | T8: 1 | Y8: =SUM(D8:X8) -> 12
A9: 103동 | B9: ='(건설용리프트)임대기간산출'!B15 -> 1~2호 | C9: ='(건설용리프트)임대기간산출'!C15 -> 25 | G9: 1 | H9: 1 | I9: 1 | J9: 1 | K9: 1 | L9: 1 | M9: 1 | N9: 1 | O9: 1 | P9: 1 | Q9: 1 | R9: 1 | S9: 1 | Y9: =SUM(D9:X9) -> 13
B10: ='(건설용리프트)임대기간산출'!B16 -> 3~4호 | C10: ='(건설용리프트)임대기간산출'!C16 -> 25 | G10: 1 | H10: 1 | I10: 1 | J10: 1 | K10: 1 | L10: 1 | M10: 1 | N10: 1 | O10: 1 | P10: 1 | Q10: 1 | R10: 1 | S10: 1 | Y10: =SUM(D10:X10) -> 13
A11: 104동 | B11: ='(건설용리프트)임대기간산출'!B17 -> 1~2호 | C11: ='(건설용리프트)임대기간산출'!C17 -> 23 | G11: 1 | H11: 1 | I11: 1 | J11: 1 | K11: 1 | L11: 1 | M11: 1 | N11: 1 | O11: 1 | P11: 1 | Q11: 1 | R11: 1 | Y11: =SUM(D11:X11) -> 12
B12: ='(건설용리프트)임대기간산출'!B18 -> 3~4호 | C12: ='(건설용리프트)임대기간산출'!C18 -> 23 | G12: 1 | H12: 1 | I12: 1 | J12: 1 | K12: 1 | L12: 1 | M12: 1 | N12: 1 | O12: 1 | P12: 1 | Q12: 1 | R12: 1 | Y12: =SUM(D12:X12) -> 12
A13: 계 | Y13: =SUM(Y5:Y12) -> 98

Sheet (건설용리프트)임대기간산출
A1: [ 건설용 리프트 임대기간 산정 ]
A2: (2025.11)
A3: =건설용리프트설치위치도!A2 -> ■ 현장명 : 부산장안
A4: ※ 총 공기 기준 (단위: 일)
A5: 지하 : | B5: 기초 - | C5: 30 | D5: 지하 - | E5: 35
A6: 지상 : | B6: 1층 - | C6: 25 | D6: 기준 - | E6: 10 | F6: 최상 - | G6: 15 | H6: 옥탑 - | I6: 15 | K6: ★건설용리프트 해체시기: 동별 골조완료+4개월
A7: 층고 : | B7: 기준층 - | C7: 2880 | D7: 1층 - | E7: 3080 | F7: 최상층 - | G7: 3080 | H7: 호이스트 기초는 동별로 상이함(참조, 설치높이 산정)
A8: 1. 건설용 리프트 임대기간 산정
A9: 구 분 | C9: 층 수 | G9: 공기 (일) | H9: 월 | J9: 운용 형태 | K9: 설치 라인 | L9: 건설용리프트 임대개월 | O9: 비 고 | W9: 적용계수
A10: 동 | B10: 라인 (세대) | C10: 지상 | D10: 1~4F, 최상층 제외 | E10: 최상층 | F10: 옥탑 | H10: 골조 완료 | I10: 건설용리프트 임대기간 | L10: 견적 | M10: 현장 | N10: 차이
A11: 101동 | B11: 1~3호 | C11: 24 | D11: =+C11-5 -> 19 | E11: 1 | F11: 2 | G11: =+D11*$E$6+E11*$G$6+$I$6*F11 -> 235 | H11: =G11/365*12 -> 7.7260274 | I11: =+MAX($H11:$H11)+4 -> 11.726027 | J11: 중속싱글 | K11: 1 | L11: =+ROUNDUP(I11*K11,0) -> 12 | M11: =임대기간!Y5 -> 12 | N11: =M11-L11 -> 0 | R11: =C11-2 -> 22 | V11: 저속싱글 | W11: 1
B12: 4~5호 | C12: 24 | D12: =+C12-5 -> 19 | E12: 1 | F12: 2 | G12: =+D12*$E$6+E12*$G$6+$I$6*F12 -> 235 | H12: =G12/365*12 -> 7.7260274 | I12: =+MAX($H12:$H12)+4 -> 11.726027 | J12: 중속싱글 | K12: 1 | L12: =+ROUNDUP(I12*K12,0) -> 12 | M12: =임대기간!Y6 -> 12 | N12: =M12-L12 -> 0 | R12: =C12-2 -> 22 | V12: 중속싱글 | W12: 1
A13: 102동 | B13: 1~3호 | C13: 24 | D13: =+C13-5 -> 19 | E13: 1 | F13: 2 | G13: =+D13*$E$6+E13*$G$6+$I$6*F13 -> 235 | H13: =G13/365*12 -> 7.7260274 | I13: =+MAX($H13:$H13)+4 -> 11.726027 | J13: 중속싱글 | K13: 1 | L13: =+ROUNDUP(I13*K13,0) -> 12 | M13: =임대기간!Y7 -> 12 | N13: =M13-L13 -> 0 | R13: =C13-2 -> 22 | V13: 중속싱글 | W13: 1
B14: 4~5호 | C14: 22 | D14: =+C14-5 -> 17 | E14: 1 | F14: 2 | G14: =+D14*$E$6+E14*$G$6+$I$6*F14 -> 215 | H14: =G14/365*12 -> 7.0684932 | I14: =+MAX($H14:$H14)+4 -> 11.068493 | J14: 중속싱글 | K14: 1 | L14: =+ROUNDUP(I14*K14,0) -> 12 | M14: =임대기간!Y8 -> 12 | N14: =M14-L14 -> 0 | R14: =C14-2 -> 20 | V14: 고속트윈 | W14: 2
A15: 103동 | B15: 1~2호 | C15: 25 | D15: =+C15-5 -> 20 | E15: 1 | F15: 2 | G15: =+D15*$E$6+E15*$G$6+$I$6*F15 -> 245 | H15: =G15/365*12 -> 8.0547945 | I15: =+MAX($H15:$H15)+4 -> 12.054795 | J15: 중속싱글 | K15: 1 | L15: =+ROUNDUP(I15*K15,0) -> 13 | M15: =임대기간!Y9 -> 13 | N15: =M15-L15 -> 0 | R15: =C15-2 -> 23
B16: 3~4호 | C16: 25 | D16: =+C16-5 -> 20 | E16: 1 | F16: 2 | G16: =+D16*$E$6+E16*$G$6+$I$6*F16 -> 245 | H16: =G16/365*12 -> 8.0547945 | I16: =+MAX($H16:$H16)+4 -> 12.054795 | J16: 중속싱글 | K16: 1 | L16: =+ROUNDUP(I16*K16,0) -> 13 | M16: =임대기간!Y10 -> 13 | N16: =M16-L16 -> 0 | R16: =C16-2 -> 23
A17: 104동 | B17: 1~2호 | C17: 23 | D17: =+C17-5 -> 18 | E17: 1 | F17: 2 | G17: =+D17*$E$6+E17*$G$6+$I$6*F17 -> 225 | H17: =G17/365*12 -> 7.3972603 | I17: =+MAX($H17:$H17)+4 -> 11.39726 | J17: 중속싱글 | K17: 1 | L17: =+ROUNDUP(I17*K17,0) -> 12 | M17: =임대기간!Y11 -> 12 | N17: =M17-L17 -> 0 | R17: =C17-2 -> 21
B18: 3~4호 | C18: 23 | D18: =+C18-5 -> 18 | E18: 1 | F18: 2 | G18: =+D18*$E$6+E18*$G$6+$I$6*F18 -> 225 | H18: =G18/365*12 -> 7.3972603 | I18: =+MAX($H18:$H18)+4 -> 11.39726 | J18: 중속싱글 | K18: 1 | L18: =+ROUNDUP(I18*K18,0) -> 12 | M18: =임대기간!Y12 -> 12 | N18: =M18-L18 -> 0 | R18: =C18-2 -> 21
A19: 합 계 | C19: 중속싱글 | G19: =SUMIF($J$11:$J$18,C19,$G$11:$G$18) -> 1860 | I19: =SUMIF($J$11:$J$18,C19,$I$11:$I$18) -> 93.150685 | K19: =SUMIF($J$11:$J$18,$C19,$K$11:$K$18) -> 8 | L19: =SUMIF($J$11:$J$18,$C19,$L$11:$L$18) -> 98 | M19: =SUMIF($J$11:$J$18,$C19,$M$11:$M$18) -> 98 | N19: =SUMIF($J$11:$J$18,$C19,$N$11:$N$18) -> 0
C20: 합 계 | G20: =SUM(G11:G18) -> 1860 | I20: =SUM(I11:I18) -> 93.150685 | K20: =SUM(K11:K18) -> 8 | L20: =SUM(L11:L18) -> 98 | M20: =SUM(M11:M18) -> 98 | N20: =SUM(N11:N18) -> 0
A22: 2 기타장비 임대 및 설치해체
A23: 구 분 | C23: 층 수 | G23: 운용 형태 | H23: 건설용 리프트 임대기간 | I23: 기타장비 임대개월 | M23: 설치,해체공사
A24: 동 | B24: 라인 (세대) | C24: 지상 | D24: 1~4F, 최상층 제외 | E24: 최상층 | F24: 옥탑 | I24: 무인 운행장치 (월) | J24: 안전문 임대료 (EA) | K24: 분합문 보호발판 (EA) | L24: 층표시판 (EA) | M24: 설치.해체 (M) | N24: 운반비 (대) | O24: 무인운행 설치해체 (대) | P24: 장비비 (대)
A25: 101동 | B25: 1~3호 | C25: 24 | D25: =+C25-5 -> 19 | E25: 1 | F25: 2 | G25: 중속싱글 | H25: =M11 -> 12 | I25: =VLOOKUP($G25,$V$11:$W$14,2,0)*H25 -> 12 | J25: =VLOOKUP($G25,$V$11:$W$14,2,0)*(C25) -> 24 | K25: =J25 -> 24 | L25: =J25 -> 24 | M25: ='설치높이 산정'!G4 -> 82 | N25: =K11 -> 1 | O25: =I25/H25 -> 1 | P25: =K11 -> 1 | V25: 저속싱글 | W25: 1
B26: 4~5호 | C26: 24 | D26: =+C26-5 -> 19 | E26: 1 | F26: 2 | G26: 중속싱글 | H26: =M12 -> 12 | I26: =VLOOKUP($G26,$V$11:$W$14,2,0)*H26 -> 12 | J26: =VLOOKUP($G26,$V$11:$W$14,2,0)*(C26) -> 24 | K26: =J26 -> 24 | L26: =J26 -> 24 | M26: ='설치높이 산정'!G5 -> 82 | N26: =K12 -> 1 | O26: =I26/H26 -> 1 | P26: =K12 -> 1 | V26: 중속싱글 | W26: 1
A27: 102동 | B27: 1~3호 | C27: 24 | D27: =+C27-5 -> 19 | E27: 1 | F27: 2 | G27: 중속싱글 | H27: =M13 -> 12 | I27: =VLOOKUP($G27,$V$11:$W$14,2,0)*H27 -> 12 | J27: =VLOOKUP($G27,$V$11:$W$14,2,0)*(C27) -> 24 | K27: =J27 -> 24 | L27: =J27 -> 24 | M27: ='설치높이 산정'!G6 -> 75 | N27: =K13 -> 1 | O27: =I27/H27 -> 1 | P27: =K13 -> 1 | V27: 중속싱글 | W27: 1
B28: 4~5호 | C28: 22 | D28: =+C28-5 -> 17 | E28: 1 | F28: 2 | G28: 중속싱글 | H28: =M14 -> 12 | I28: =VLOOKUP($G28,$V$11:$W$14,2,0)*H28 -> 12 | J28: =VLOOKUP($G28,$V$11:$W$14,2,0)*(C28) -> 22 | K28: =J28 -> 22 | L28: =J28 -> 22 | M28: ='설치높이 산정'!G7 -> 69 | N28: =K14 -> 1 | O28: =I28/H28 -> 1 | P28: =K14 -> 1 | V28: 고속트윈 | W28: 2
A29: 103동 | B29: 1~2호 | C29: 25 | D29: =+C29-5 -> 20 | E29: 1 | F29: 2 | G29: 중속싱글 | H29: =M15 -> 13 | I29: =VLOOKUP($G29,$V$11:$W$14,2,0)*H29 -> 13 | J29: =VLOOKUP($G29,$V$11:$W$14,2,0)*(C29) -> 25 | K29: =J29 -> 25 | L29: =J29 -> 25 | M29: ='설치높이 산정'!G8 -> 77 | N29: =K15 -> 1 | O29: =I29/H29 -> 1 | P29: =K15 -> 1
B30: 3~4호 | C30: 25 | D30: =+C30-5 -> 20 | E30: 1 | F30: 2 | G30: 중속싱글 | H30: =M16 -> 13 | I30: =VLOOKUP($G30,$V$11:$W$14,2,0)*H30 -> 13 | J30: =VLOOKUP($G30,$V$11:$W$14,2,0)*(C30) -> 25 | K30: =J30 -> 25 | L30: =J30 -> 25 | M30: ='설치높이 산정'!G9 -> 77 | N30: =K16 -> 1 | O30: =I30/H30 -> 1 | P30: =K16 -> 1
A31: 104동 | B31: 1~2호 | C31: 23 | D31: =+C31-5 -> 18 | E31: 1 | F31: 2 | G31: 중속싱글 | H31: =M17 -> 12 | I31: =VLOOKUP($G31,$V$11:$W$14,2,0)*H31 -> 12 | J31: =VLOOKUP($G31,$V$11:$W$14,2,0)*(C31) -> 23 | K31: =J31 -> 23 | L31: =J31 -> 23 | M31: ='설치높이 산정'!G10 -> 78 | N31: =K17 -> 1 | O31: =I31/H31 -> 1 | P31: =K17 -> 1
B32: 3~4호 | C32: 23 | D32: =+C32-5 -> 18 | E32: 1 | F32: 2 | G32: 중속싱글 | H32: =M18 -> 12 | I32: =VLOOKUP($G32,$V$11:$W$14,2,0)*H32 -> 12 | J32: =VLOOKUP($G32,$V$11:$W$14,2,0)*(C32) -> 23 | K32: =J32 -> 23 | L32: =J32 -> 23 | M32: ='설치높이 산정'!G11 -> 75 | N32: =K18 -> 1 | O32: =I32/H32 -> 1 | P32: =K18 -> 1
A33: 합 계 | C33: 중속싱글 | H33: =SUMIF($G$25:$G$32,C33,$H$25:$H$32) -> 98 | I33: =SUMIF($G$25:$G$32,$C$33,$I$25:$I$32) -> 98 | J33: =SUMIF($G$25:$G$32,$C$33,$J$25:$J$32) -> 190 | K33: =SUMIF($G$25:$G$32,$C$33,K$25:K$32) -> 190 | L33: =SUMIF($G$25:$G$32,$C$33,L$25:L$32) -> 190 | M33: =SUMIF($G$25:$G$32,$C$33,M$25:M$32) -> 615 | N33: =SUMIF($G$25:$G$32,$C$33,N$25:N$32) -> 8 | O33: =SUMIF($G$25:$G$32,$C$33,O$25:O$32) -> 8 | P33: =SUMIF($G$25:$G$32,$C$33,P$25:P$32) -> 8
C34: 합 계 | H34: =H33 -> 98 | I34: =SUM(I25:I32) -> 98 | J34: =J33 -> 190 | K34: =SUM(K25:K32) -> 190 | L34: =SUM(L25:L32) -> 190 | M34: =SUM(M25:M32) -> 615 | N34: =SUM(N25:N32) -> 8 | O34: =SUM(O25:O32) -> 8 | P34: =SUM(P25:P32) -> 8

Sheet 설치높이 산정
A1: 건설용 리프트 설치높이 산정
A2: =건설용리프트설치위치도!A2 -> ■ 현장명 : 부산장안
A3: 동 | B3: 호 수 | C3: 층 수 | D3: 설치 위치 | E3: 높이 산정 | F3: 값 | G3: 설치 높이 | H3: 비 고 | I3: 지층 | J3: 1층 | K3: 기준층 | L3: 층수 | M3: 최상층 | N3: 연장 | O3: 값 | P3: 설치높이
A4: 101동 | B4: =임대기간!B5 -> 1~3호 | C4: =임대기간!C5 -> 24 | D4: 안방발코니 | E4: 8.75(지층)+3.08*1(1층)+2.88*22(기준층)+3.08(최상층)+3.0(연장) | F4: =8.75+3.08*1+2.88*22+3.08+3 -> 81.27 | G4: =ROUNDUP(F4,0) -> 82 | I4: 8.75 | J4: 3.08 | K4: 2.88 | L4: 22 | M4: 3.08 | N4: 3 | O4: =I4+J4*1+K4*L4+M4+N4 -> 81.27 | P4: =ROUNDUP(O4,0) -> 82
B5: =임대기간!B6 -> 4~5호 | C5: =임대기간!C6 -> 24 | D5: 안방발코니 | E5: 8.75(지층)+3.08*1(1층))+2.88*22(기준층)+3.08(최상층)+3.0(연장) | F5: =8.75+3.08*1+2.88*22+3.08+3 -> 81.27 | G5: =ROUNDUP(F5,0) -> 82 | I5: 8.75 | J5: 3.08 | K5: 2.88 | L5: 22 | M5: 3.08 | N5: 3 | O5: =I5+J5*1+K5*L5+M5+N5 -> 81.27 | P5: =ROUNDUP(O5,0) -> 82
A6: 102동 | B6: =임대기간!B7 -> 1~3호 | C6: =임대기간!C7 -> 24 | D6: 안방발코니 | E6: 1.6(지층)+3.08*1(1층)+2.88*22(기준층)+3.08(최상층)+3.0(연장) | F6: =1.6+3.08*1+2.88*22+3.08+3 -> 74.12 | G6: =ROUNDUP(F6,0) -> 75 | I6: 1.6 | J6: 3.08 | K6: 2.88 | L6: 22 | M6: 3.08 | N6: 3 | O6: =I6+J6*1+K6*L6+M6+N6 -> 74.12 | P6: =ROUNDUP(O6,0) -> 75
B7: =임대기간!B8 -> 4~5호 | C7: =임대기간!C8 -> 22 | D7: 안방발코니 | E7: 1.6(지층)+3.08*1(1층)+2.88*20(기준층)+3.08(최상층)+3.0(연장) | F7: =1.6+3.08*1+2.88*20+3.08+3 -> 68.36 | G7: =ROUNDUP(F7,0) -> 69 | I7: 1.6 | J7: 3.08 | K7: 2.88 | L7: 20 | M7: 3.08 | N7: 3 | O7: =I7+J7*1+K7*L7+M7+N7 -> 68.36 | P7: =ROUNDUP(O7,0) -> 69
A8: 103동 | B8: =임대기간!B9 -> 1~2호 | C8: =임대기간!C9 -> 25 | D8: 안방발코니 | E8: 1.6(지층)+3.08*1(1층)+2.88*23(기준층)+3.08(최상층)+3.0(연장) | F8: =1.6+3.08*1+2.88*23+3.08+3 -> 77 | G8: =ROUNDUP(F8,0) -> 77 | I8: 1.6 | J8: 3.08 | K8: 2.88 | L8: 23 | M8: 3.08 | N8: 3 | O8: =I8+J8*1+K8*L8+M8+N8 -> 77 | P8: =ROUNDUP(O8,0) -> 77
B9: =임대기간!B10 -> 3~4호 | C9: =임대기간!C10 -> 25 | D9: 안방발코니 | E9: 1.6(지층)+3.08*1(1층)+2.88*23(기준층)+3.08(최상층)+3.0(연장) | F9: =1.6+3.08*1+2.88*23+3.08+3 -> 77 | G9: =ROUNDUP(F9,0) -> 77 | I9: 1.6 | J9: 3.08 | K9: 2.88 | L9: 23 | M9: 3.08 | N9: 3 | O9: =I9+J9*1+K9*L9+M9+N9 -> 77 | P9: =ROUNDUP(O9,0) -> 77
A10: 104동 | B10: =임대기간!B11 -> 1~2호 | C10: =임대기간!C11 -> 23 | D10: 안방발코니 | E10: 7.85(지층)+3.0*1(PIT)+2.88*21(기준층)+3.08(최상층)+3.0(연장) | F10: =7.85+3+2.88*21+3.08+3 -> 77.41 | G10: =ROUNDUP(F10,0) -> 78 | I10: 7.85 | J10: 3 | K10: 2.88 | L10: 21 | M10: 3.08 | N10: 3 | O10: =I10+J10*1+K10*L10+M10+N10 -> 77.41 | P10: =ROUNDUP(O10,0) -> 78
B11: =임대기간!B12 -> 3~4호 | C11: =임대기간!C12 -> 23 | D11: 안방발코니 | E11: 5.15(지층)+3.0*1(PIT)+2.88*21(기준층)+3.08(최상층)+3.0(연장) | F11: =5.15+3+2.88*21+3.08+3 -> 74.71 | G11: =ROUNDUP(F11,0) -> 75 | I11: 5.15 | J11: 3 | K11: 2.88 | L11: 21 | M11: 3.08 | N11: 3 | O11: =I11+J11*1+K11*L11+M11+N11 -> 74.71 | P11: =ROUNDUP(O11,0) -> 75
A12: 계 | F12: =ROUNDUP(SUM(F4:F11),0) -> 612 | G12: =SUM(G4:G11) -> 615 | P12: =SUM(P4:P11) -> 615

Sheet 입면도
B2: □ 101동 입면도 (정면도)
B29: □ 1~3호 코어(24층) | G29: □ 4~5호 코어(24층)
B30: 구 분 | C30: 산 식 | D30: 길 이(m) | G30: 구 분 | H30: 산 식 | I30: 길이(m)
B31: 연장 | C31: 3.0m | D31: 3 | G31: 연장 | H31: 3.0m | I31: 3
B32: 최상층 | C32: 3.08m*1층 | D32: 3.08 | G32: 최상층 | H32: 3.08m*1층 | I32: 3.08
B33: 기준층(2~23층) | C33: 2.88m*22층 | D33: =22*2.88 -> 63.36 | G33: 기준층(2~23층) | H33: 2.88m*22층 | I33: =22*2.88 -> 63.36
B34: 저층부(1층) | C34: 3.08m*1층 | D34: =1*3.08 -> 3.08 | G34: 저층부(1층) | H34: 3.08m*1층 | I34: =1*3.08 -> 3.08
B35: 지층 | C35: 8.75m | D35: 8.75 | G35: 지층 | H35: 8.75m | I35: 8.75
B36: 합 계 | D36: =SUM(D31:D35) -> 81.27 | G36: 합계 | I36: =SUM(I31:I35) -> 81.27
B39: □ 102동 입면도 (정면도)
B66: □ 1~3호 코어(24층) | G66: □ 4~5호 코어(22층)
B67: 구 분 | C67: 산 식 | D67: 길 이(m) | G67: 구 분 | H67: 산 식 | I67: 길 이(m)
B68: 연장 | C68: 3.0m | D68: 3 | G68: 연장 | H68: 3.0m | I68: 3
B69: 최상층 | C69: 3.08m*1층 | D69: 3.08 | G69: 최상층 | H69: 3.08m*1층 | I69: 3.08
B70: 기준층(2~23층) | C70: 2.88m*22층 | D70: =22*2.88 -> 63.36 | G70: 기준층(2~21층) | H70: 2.88m*20층 | I70: =20*2.88 -> 57.6
B71: 저층부(1층) | C71: 3.08m*1층 | D71: =1*3.08 -> 3.08 | G71: 저층부(1층) | H71: 3.08m*3층 | I71: =1*3.08 -> 3.08
B72: 지층 | C72: 1.6m | D72: 1.6 | G72: 지층 | H72: 1.6m | I72: 1.6
B73: 합 계 | D73: =SUM(D68:D72) -> 74.12 | G73: 합 계 | I73: =SUM(I68:I72) -> 68.36
B76: □ 103동 입면도 (정면도)
B103: □ 1~2호 코어(25층) | G103: □ 4~5호 코어(25층)
B104: 구 분 | C104: 산 식 | D104: 길 이(m) | G104: 구 분 | H104: 산 식 | I104: 길 이(m)
B105: 연장 | C105: 3.0m | D105: 3 | G105: 연장 | H105: 3.0m | I105: 3
B106: 최상층 | C106: 3.08m*1층 | D106: 3.08 | G106: 최상층 | H106: 3.08m*1층 | I106: 3.08
B107: 기준층(2~24층) | C107: 2.88m*23층 | D107: =23*2.88 -> 66.24 | G107: 기준층(2~24층) | H107: 2.88m*23층 | I107: =23*2.88 -> 66.24
B108: 저층부(1층) | C108: 3.08m*1층 | D108: =1*3.08 -> 3.08 | G108: 저층부(1층) | H108: 3.08m*1층 | I108: =1*3.08 -> 3.08
B109: 지층 | C109: 1.6m | D109: 1.6 | G109: 지층 | H109: 1.6m | I109: 1.6
B110: 합 계 | D110: =SUM(D105:D109) -> 77 | G110: 합 계 | I110: =SUM(I105:I109) -> 77
B113: □ 104동 입면도 (정면도)
B140: □ 1~2호 코어(23층) | G140: □ 3~4호 코어(23층)
B141: 구 분 | C141: 산 식 | D141: 길 이(m) | G141: 구 분 | H141: 산 식 | I141: 길 이(m)
B142: 연장 | C142: 3.0m | D142: 3 | G142: 연장 | H142: 3.0m | I142: 3
B143: 최상층 | C143: 3.08m*1층 | D143: 3.08 | G143: 최상층 | H143: 3.08m*1층 | I143: 3.08
B144: 기준층(2~22층) | C144: 2.88m*21층 | D144: =21*2.88 -> 60.48 | G144: 기준층(2~22층) | H144: 2.88m*21층 | I144: =21*2.88 -> 60.48
B145: 저층부(PIT) | C145: 3.0*1층 | D145: 3 | G145: 저층부(PIT) | H145: 3.0*1층 | I145: 3
B146: 지층 | C146: 7.85m | D146: 7.85 | G146: 지층 | H146: 5.15m | I146: 5.15
B147: 합 계 | D147: =SUM(D142:D146) -> 77.41 | G147: 합 계 | I147: =SUM(I142:I146) -> 74.71

Sheet 건설용리프트설치위치도
A1: 건설용 리프트 설치계획 및 주변현황도
A2: ■ 현장명 : 부산장안
I4: 동 | J4: 코 어 | K4: 층 수 | L4: 규 격 | M4: 대 수
I5: 101동 | J5: 1~2호 | K5: 22 | L5: 중속싱글 인버터방식 | M5: 1
J6: 3~4호 | K6: 18 | L6: 중속싱글 인버터방식 | M6: 1
I7: 102동 | J7: 1~2호 | K7: 24 | L7: 중속싱글 인버터방식 | M7: 1
J8: 3~4호 | K8: 25 | L8: 중속싱글 인버터방식 | M8: 1
I9: 103동 | J9: 1~3호 | K9: 27 | L9: 중속싱글 인버터방식 | M9: 1
J10: 1~3호 | K10: 27 | L10: 중속싱글 인버터방식 | M10: 1
I11: 104동 | J11: 1~2호 | K11: 23 | L11: 중속싱글 인버터방식 | M11: 1
J12: 3~4호 | K12: 25 | L12: 중속싱글 인버터방식 | M12: 1
I13: 총 대수 | M13: =SUM(M5:M12) -> 8
O29: 구분 | P29: 501동 | R29: 502동 | T29: 503동 | V29: 504동 | X29: 505동 | Z29: 비고
O30: 코어 | P30: 1~2호 | Q30: 3~5호 | R30: 1~2호 | S30: 3~5호 | T30: 1~2호 | U30: 3~5호 | V30: 1~2호 | W30: 3~5호 | X30: 1~2호 | Y30: 3~5호
O31: 층수 | P31: 35층 | Q31: 35층 | R31: 35층 | S31: 35층 | T31: 35층 | U31: 35층 | V31: 29층 | W31: 29층 | X31: 22층 | Y31: 27층 | Z31: 14개월사용
O32: 대수 | P32: 1대 | Q32: 1대 | R32: 1대 | S32: 1대 | T32: 1대 | U32: 1대 | V32: 1대 | W32: 1대 | X32: 1대 | Y32: 1대 | Z32: 수량:10대
O33: Type | P33: 저속 | Q33: 저속 | R33: 저속 | S33: 저속 | T33: 저속 | U33: 저속 | V33: 저속 | W33: 저속 | X33: 저속 | Y33: 저속 | Z33: 전체: 싱글
P34: 인버터 | Q34: 인버터 | R34: 인버터 | S34: 인버터 | T34: 인버터 | U34: 인버터 | V34: 인버터 | W34: 인버터 | X34: 인버터 | Y34: 인버터

Sheet 첨부1. HC 방호선반 사진
A1: 첨부1. 건설용 리프트 방호선반

Sheet 첨부2. 호이스트 입찰 기준안
A1: 첨부2. 건설용 리프트 입찰 기준 개선(안)
