Workbook

Sheet TC
A1: [ 타워크레인 임대기간 산정 ]
A2: (2023. 11. 28)
A3: ■ 현장명 :
A5: ※ 총 공기 기준 (단위:일)
A6: 지하 : | B6: 기초 - | C6: 30 | D6: 지하 - | E6: 35
A7: 지상 : | B7: 1층 - | C7: 25 | D7: 기준 - | E7: 10 | F7: 최상 - | G7: 15 | H7: 옥탑 - | I7: 15
A9: 구 분 | D9: 층 수 | H9: 골조 공기 | J9: 임대 개월(협의전) | M9: 임대 개월(협의후) | P9: 비 고
A10: 현장 | B10: 타워 | C10: 동 | D10: 지하 | E10: 지상 | F10: 1F 제외 | G10: 옥탑 | H10: 일 | I10: 월 | J10: 견적팀 | K10: 자재팀 | L10: 차이 | M10: 견적팀 | N10: 자재팀 | O10: 차이
A11: 이천중리1차 | B11: 1호기 | C11: 101동 | D11: 2 | E11: 15 | F11: 14 | G11: 2 | H11: =$C$6+$E$6*D11+$C$7+$E$7*(F11-1)+$G$7+$I$7*G11 -> 300 | I11: =ROUNDUP(MAX(H11:H12)/365*12,0) -> 11 | J11: =I11+1 -> 12 | K11: 13 | L11: =K11-J11 -> 1 | M11: =J11 -> 12 | N11: 16 | O11: =N11-M11 -> 4
C12: 102동 | D12: 2 | E12: 18 | F12: 17 | G12: 2 | H12: =$C$6+$E$6*D12+$C$7+$E$7*(F12-1)+$G$7+$I$7*G12 -> 330
B13: 2호기 | C13: 103동 | D13: 2 | E13: 20 | F13: 19 | G13: 2 | H13: =$C$6+$E$6*D13+$C$7+$E$7*(F13-1)+$G$7+$I$7*G13 -> 350 | I13: =ROUNDUP(MAX(H13:H13)/365*12,0) -> 12 | J13: =I13+1 -> 13
B14: 3호기 | C14: 104동 | D14: 2 | E14: 20 | F14: 19 | G14: 2 | H14: =$C$6+$E$6*D14+$C$7+$E$7*(F14-1)+$G$7+$I$7*G14 -> 350 | I14: =ROUNDUP(MAX(H14:H15)/365*12,0) -> 12 | J14: =I14+1 -> 13
C15: 105동 | D15: 2 | E15: 20 | F15: 19 | G15: 2 | H15: =$C$6+$E$6*D15+$C$7+$E$7*(F15-1)+$G$7+$I$7*G15 -> 350
B16: 4호기 | C16: 105 | D16: 2 | E16: 20 | F16: 19 | G16: 2 | H16: =$C$6+$E$6*D16+$C$7+$E$7*(F16-1)+$G$7+$I$7*G16 -> 350 | I16: =ROUNDUP(MAX(H16:H18)/365*12,0) -> 12 | J16: =I16+1 -> 13 | K16: 13 | L16: =K16-J16 -> 0 | M16: =J16 -> 13 | N16: 16 | O16: =N16-M16 -> 3
C17: 106 | D17: 2 | E17: 20 | F17: 19 | G17: 2 | H17: =$C$6+$E$6*D17+$C$7+$E$7*(F17-1)+$G$7+$I$7*G17 -> 350
C18: 107 | D18: 2 | E18: 17 | F18: 16 | G18: 2 | H18: =$C$6+$E$6*D18+$C$7+$E$7*(F18-1)+$G$7+$I$7*G18 -> 320
B19: 5호기 | C19: 108동 | D19: 2 | E19: 17 | F19: 16 | G19: 2 | H19: =$C$6+$E$6*D19+$C$7+$E$7*(F19-1)+$G$7+$I$7*G19 -> 320 | I19: =ROUNDUP(MAX(H19:H19)/365*12,0) -> 11 | J19: =I19+1 -> 12
C20: 109동 | D20: 2 | E20: 15 | F20: 14 | G20: 2 | H20: =$C$6+$E$6*D20+$C$7+$E$7*(F20-1)+$G$7+$I$7*G20 -> 300 | K20: 13 | L20: =K20-J20 -> 13 | M20: =J20 -> 0 | N20: 16 | O20: =N20-M20 -> 16
B21: 6호기 | C21: 110동 | D21: 2 | E21: 19 | F21: 18 | G21: 2 | H21: =$C$6+$E$6*D21+$C$7+$E$7*(F21-1)+$G$7+$I$7*G21 -> 340 | I21: =ROUNDUP(MAX(H21:H22)/365*12,0) -> 12 | J21: =I21+1 -> 13 | K21: 13 | L21: =K21-J21 -> 0 | M21: =J21 -> 13 | N21: 16 | O21: =N21-M21 -> 3
C22: 111동 | D22: 2 | E22: 20 | F22: 19 | G22: 2 | H22: =$C$6+$E$6*D22+$C$7+$E$7*(F22-1)+$G$7+$I$7*G22 -> 350
A23: 합 계 | I23: =SUM(I11:I22) -> 70 | J23: =SUM(J11:J22) -> 76 | K23: =SUM(K11:K16) -> 26 | L23: =SUM(L11:O16) -> 65 | M23: =SUM(M11:M16) -> 25 | N23: =SUM(N11:N16) -> 32 | O23: =SUM(O11:O16) -> 7
A25: ★T/C 해체시기: 골조완료+1개월(全동 동일적용)+α

Sheet HOIST
A1: [ 건설용 리프트 임대기간 산정 ]
A2: (2025.11)
A3: =[34]건설용리프트설치위치도!A2 -> ■ 현장명 : 부산장안
A4: ※ 총 공기 기준 (단위: 일)
A5: 지하 : | B5: 기초 - | C5: 30 | D5: 지하 - | E5: 35
A6: 지상 : | B6: 1층 - | C6: 25 | D6: 기준 - | E6: 10 | F6: 최상 - | G6: 15 | H6: 옥탑 - | I6: 15 | K6: ★건설용리프트 해체시기: 동별 골조완료+4개월
A7: 층고 : | B7: 기준층 - | C7: 2880 | D7: 1층 - | E7: 3080 | F7: 최상층 - | G7: 3080 | H7: 호이스트 기초는 동별로 상이함(참조, 설치높이 산정)
A8: 1. 건설용 리프트 임대기간 산정
A9: 구 분 | C9: 층 수 | G9: 공기 (일) | H9: 월 | J9: 운용 형태 | K9: 설치 라인 | L9: 건설용리프트 임대개월 | O9: 비 고 | W9: 적용계수
A10: 동 | B10: 라인 (세대) | C10: 지상 | D10: 1~4F, 최상층 제외 | E10: 최상층 | F10: 옥탑 | H10: 골조 완료 | I10: 건설용리프트 임대기간 | L10: 견적 | M10: 현장 | N10: 차이
A11: 101동 | B11: 1~3호 | C11: 24 | D11: =+C11-5 -> 19 | E11: 1 | F11: 2 | G11: =+D11*$E$6+E11*$G$6+$I$6*F11 -> 235 | H11: =G11/365*12 -> 7.7260274 | I11: =+MAX($H11:$H11)+4 -> 11.726027 | J11: 중속싱글 | K11: 1 | L11: =+ROUNDUP(I11*K11,0) -> 12 | M11: =[34]임대기간!Y5 -> 12 | N11: =M11-L11 -> 0 | R11: =C11-2 -> 22 | V11: 저속싱글 | W11: 1
B12: 4~5호 | C12: 24 | D12: =+C12-5 -> 19 | E12: 1 | F12: 2 | G12: =+D12*$E$6+E12*$G$6+$I$6*F12 -> 235 | H12: =G12/365*12 -> 7.7260274 | I12: =+MAX($H12:$H12)+4 -> 11.726027 | J12: 중속싱글 | K12: 1 | L12: =+ROUNDUP(I12*K12,0) -> 12 | M12: =[34]임대기간!Y6 -> 12 | N12: =M12-L12 -> 0 | R12: =C12-2 -> 22 | V12: 중속싱글 | W12: 1
A13: 102동 | B13: 1~3호 | C13: 24 | D13: =+C13-5 -> 19 | E13: 1 | F13: 2 | G13: =+D13*$E$6+E13*$G$6+$I$6*F13 -> 235 | H13: =G13/365*12 -> 7.7260274 | I13: =+MAX($H13:$H13)+4 -> 11.726027 | J13: 중속싱글 | K13: 1 | L13: =+ROUNDUP(I13*K13,0) -> 12 | M13: =[34]임대기간!Y7 -> 12 | N13: =M13-L13 -> 0 | R13: =C13-2 -> 22 | V13: 중속싱글 | W13: 1
B14: 4~5호 | C14: 22 | D14: =+C14-5 -> 17 | E14: 1 | F14: 2 | G14: =+D14*$E$6+E14*$G$6+$I$6*F14 -> 215 | H14: =G14/365*12 -> 7.0684932 | I14: =+MAX($H14:$H14)+4 -> 11.068493 | J14: 중속싱글 | K14: 1 | L14: =+ROUNDUP(I14*K14,0) -> 12 | M14: =[34]임대기간!Y8 -> 12 | N14: =M14-L14 -> 0 | R14: =C14-2 -> 20 | V14: 고속트윈 | W14: 2
A15: 103동 | B15: 1~2호 | C15: 25 | D15: =+C15-5 -> 20 | E15: 1 | F15: 2 | G15: =+D15*$E$6+E15*$G$6+$I$6*F15 -> 245 | H15: =G15/365*12 -> 8.0547945 | I15: =+MAX($H15:$H15)+4 -> 12.054795 | J15: 중속싱글 | K15: 1 | L15: =+ROUNDUP(I15*K15,0) -> 13 | M15: =[34]임대기간!Y9 -> 13 | N15: =M15-L15 -> 0 | R15: =C15-2 -> 23
B16: 3~4호 | C16: 25 | D16: =+C16-5 -> 20 | E16: 1 | F16: 2 | G16: =+D16*$E$6+E16*$G$6+$I$6*F16 -> 245 | H16: =G16/365*12 -> 8.0547945 | I16: =+MAX($H16:$H16)+4 -> 12.054795 | J16: 중속싱글 | K16: 1 | L16: =+ROUNDUP(I16*K16,0) -> 13 | M16: =[34]임대기간!Y10 -> 13 | N16: =M16-L16 -> 0 | R16: =C16-2 -> 23
A17: 104동 | B17: 1~2호 | C17: 23 | D17: =+C17-5 -> 18 | E17: 1 | F17: 2 | G17: =+D17*$E$6+E17*$G$6+$I$6*F17 -> 225 | H17: =G17/365*12 -> 7.3972603 | I17: =+MAX($H17:$H17)+4 -> 11.39726 | J17: 중속싱글 | K17: 1 | L17: =+ROUNDUP(I17*K17,0) -> 12 | M17: =[34]임대기간!Y11 -> 12 | N17: =M17-L17 -> 0 | R17: =C17-2 -> 21
B18: 3~4호 | C18: 23 | D18: =+C18-5 -> 18 | E18: 1 | F18: 2 | G18: =+D18*$E$6+E18*$G$6+$I$6*F18 -> 225 | H18: =G18/365*12 -> 7.3972603 | I18: =+MAX($H18:$H18)+4 -> 11.39726 | J18: 중속싱글 | K18: 1 | L18: =+ROUNDUP(I18*K18,0) -> 12 | M18: =[34]임대기간!Y12 -> 12 | N18: =M18-L18 -> 0 | R18: =C18-2 -> 21
A19: 합 계 | C19: 중속싱글 | G19: =SUMIF($J$11:$J$18,C19,$G$11:$G$18) -> 1860 | I19: =SUMIF($J$11:$J$18,C19,$I$11:$I$18) -> 93.150685 | K19: =SUMIF($J$11:$J$18,$C19,$K$11:$K$18) -> 8 | L19: =SUMIF($J$11:$J$18,$C19,$L$11:$L$18) -> 98 | M19: =SUMIF($J$11:$J$18,$C19,$M$11:$M$18) -> 98 | N19: =SUMIF($J$11:$J$18,$C19,$N$11:$N$18) -> 0
C20: 합 계 | G20: =SUM(G11:G18) -> 1860 | I20: =SUM(I11:I18) -> 93.150685 | K20: =SUM(K11:K18) -> 8 | L20: =SUM(L11:L18) -> 98 | M20: =SUM(M11:M18) -> 98 | N20: =SUM(N11:N18) -> 0
A22: 2 기타장비 임대 및 설치해체
A23: 구 분 | C23: 층 수 | G23: 운용 형태 | H23: 건설용 리프트 임대기간 | I23: 기타장비 임대개월 | M23: 설치,해체공사
A24: 동 | B24: 라인 (세대) | C24: 지상 | D24: 1~4F, 최상층 제외 | E24: 최상층 | F24: 옥탑 | I24: 무인 운행장치 (월) | J24: 안전문 임대료 (EA) | K24: 분합문 보호발판 (EA) | L24: 층표시판 (EA) | M24: 설치.해체 (M) | N24: 운반비 (대) | O24: 무인운행 설치해체 (대) | P24: 장비비 (대)
A25: 101동 | B25: 1~3호 | C25: 24 | D25: =+C25-5 -> 19 | E25: 1 | F25: 2 | G25: 중속싱글 | H25: =M11 -> 12 | I25: =VLOOKUP($G25,$V$11:$W$14,2,0)*H25 -> 12 | J25: =VLOOKUP($G25,$V$11:$W$14,2,0)*(C25) -> 24 | K25: =J25 -> 24 | L25: =J25 -> 24 | M25: ='[34]설치높이 산정'!G4 -> 82 | N25: =K11 -> 1 | O25: =I25/H25 -> 1 | P25: =K11 -> 1 | V25: 저속싱글 | W25: 1
B26: 4~5호 | C26: 24 | D26: =+C26-5 -> 19 | E26: 1 | F26: 2 | G26: 중속싱글 | H26: =M12 -> 12 | I26: =VLOOKUP($G26,$V$11:$W$14,2,0)*H26 -> 12 | J26: =VLOOKUP($G26,$V$11:$W$14,2,0)*(C26) -> 24 | K26: =J26 -> 24 | L26: =J26 -> 24 | M26: ='[34]설치높이 산정'!G5 -> 82 | N26: =K12 -> 1 | O26: =I26/H26 -> 1 | P26: =K12 -> 1 | V26: 중속싱글 | W26: 1
A27: 102동 | B27: 1~3호 | C27: 24 | D27: =+C27-5 -> 19 | E27: 1 | F27: 2 | G27: 중속싱글 | H27: =M13 -> 12 | I27: =VLOOKUP($G27,$V$11:$W$14,2,0)*H27 -> 12 | J27: =VLOOKUP($G27,$V$11:$W$14,2,0)*(C27) -> 24 | K27: =J27 -> 24 | L27: =J27 -> 24 | M27: ='[34]설치높이 산정'!G6 -> 75 | N27: =K13 -> 1 | O27: =I27/H27 -> 1 | P27: =K13 -> 1 | V27: 중속싱글 | W27: 1
B28: 4~5호 | C28: 22 | D28: =+C28-5 -> 17 | E28: 1 | F28: 2 | G28: 중속싱글 | H28: =M14 -> 12 | I28: =VLOOKUP($G28,$V$11:$W$14,2,0)*H28 -> 12 | J28: =VLOOKUP($G28,$V$11:$W$14,2,0)*(C28) -> 22 | K28: =J28 -> 22 | L28: =J28 -> 22 | M28: ='[34]설치높이 산정'!G7 -> 69 | N28: =K14 -> 1 | O28: =I28/H28 -> 1 | P28: =K14 -> 1 | V28: 고속트윈 | W28: 2
A29: 103동 | B29: 1~2호 | C29: 25 | D29: =+C29-5 -> 20 | E29: 1 | F29: 2 | G29: 중속싱글 | H29: =M15 -> 13 | I29: =VLOOKUP($G29,$V$11:$W$14,2,0)*H29 -> 13 | J29: =VLOOKUP($G29,$V$11:$W$14,2,0)*(C29) -> 25 | K29: =J29 -> 25 | L29: =J29 -> 25 | M29: ='[34]설치높이 산정'!G8 -> 77 | N29: =K15 -> 1 | O29: =I29/H29 -> 1 | P29: =K15 -> 1
B30: 3~4호 | C30: 25 | D30: =+C30-5 -> 20 | E30: 1 | F30: 2 | G30: 중속싱글 | H30: =M16 -> 13 | I30: =VLOOKUP($G30,$V$11:$W$14,2,0)*H30 -> 13 | J30: =VLOOKUP($G30,$V$11:$W$14,2,0)*(C30) -> 25 | K30: =J30 -> 25 | L30: =J30 -> 25 | M30: ='[34]설치높이 산정'!G9 -> 77 | N30: =K16 -> 1 | O30: =I30/H30 -> 1 | P30: =K16 -> 1
A31: 104동 | B31: 1~2호 | C31: 23 | D31: =+C31-5 -> 18 | E31: 1 | F31: 2 | G31: 중속싱글 | H31: =M17 -> 12 | I31: =VLOOKUP($G31,$V$11:$W$14,2,0)*H31 -> 12 | J31: =VLOOKUP($G31,$V$11:$W$14,2,0)*(C31) -> 23 | K31: =J31 -> 23 | L31: =J31 -> 23 | M31: ='[34]설치높이 산정'!G10 -> 78 | N31: =K17 -> 1 | O31: =I31/H31 -> 1 | P31: =K17 -> 1
B32: 3~4호 | C32: 23 | D32: =+C32-5 -> 18 | E32: 1 | F32: 2 | G32: 중속싱글 | H32: =M18 -> 12 | I32: =VLOOKUP($G32,$V$11:$W$14,2,0)*H32 -> 12 | J32: =VLOOKUP($G32,$V$11:$W$14,2,0)*(C32) -> 23 | K32: =J32 -> 23 | L32: =J32 -> 23 | M32: ='[34]설치높이 산정'!G11 -> 75 | N32: =K18 -> 1 | O32: =I32/H32 -> 1 | P32: =K18 -> 1
A33: 합 계 | C33: 중속싱글 | H33: =SUMIF($G$25:$G$32,C33,$H$25:$H$32) -> 98 | I33: =SUMIF($G$25:$G$32,$C$33,$I$25:$I$32) -> 98 | J33: =SUMIF($G$25:$G$32,$C$33,$J$25:$J$32) -> 190 | K33: =SUMIF($G$25:$G$32,$C$33,K$25:K$32) -> 190 | L33: =SUMIF($G$25:$G$32,$C$33,L$25:L$32) -> 190 | M33: =SUMIF($G$25:$G$32,$C$33,M$25:M$32) -> 615 | N33: =SUMIF($G$25:$G$32,$C$33,N$25:N$32) -> 8 | O33: =SUMIF($G$25:$G$32,$C$33,O$25:O$32) -> 8 | P33: =SUMIF($G$25:$G$32,$C$33,P$25:P$32) -> 8
C34: 합 계 | H34: =H33 -> 98 | I34: =SUM(I25:I32) -> 98 | J34: =J33 -> 190 | K34: =SUM(K25:K32) -> 190 | L34: =SUM(L25:L32) -> 190 | M34: =SUM(M25:M32) -> 615 | N34: =SUM(N25:N32) -> 8 | O34: =SUM(O25:O32) -> 8 | P34: =SUM(P25:P32) -> 8
